kmeans_cluster,customers,churn_rate,avg_monthly,avg_tenure
5,1849,0.16062736614386156,34.23623580313683,15.989183342347214
0,1387,0.0418168709444845,54.99199711607786,59.151405912040374
1,1191,0.6188077246011755,85.91372795969774,14.791771620486985
2,1183,0.18765849535080303,100.73221519864751,60.451394759087066
4,735,0.4598639455782313,85.48718862585034,18.620408163265306
3,698,0.3108882521489971,46.034312320916904,19.451289398280803
